layer_name,weight_scale,weights_shape,weight_bits,weights_flat,bias_bits,bias_flat
Layer_0,1.0212739706039429,"(4, 1, 3, 3)",4,"[-7, 7, -4, 1, 3, -5, -4, 4, 0, 3, 0, -2, 1, -3, 2, 2, 1, 0, 2, -1, 0, -2, -1, 3, 1, 0, 2, -1, 5, -4, 1, 1, -3, 4, -1, -1]",8,"[3, -3, -3, -1]"
Layer_1,0.11165136098861694,"(5, 4, 3, 3)",4,"[1, 1, 0, 0, -1, -1, 0, -1, -1, -1, 0, 1, -2, 0, 1, -1, 0, 2, 0, 0, 0, -1, 1, 1, -1, 2, 2, -1, 0, 1, -1, 0, 0, -2, 0, 1, 0, 1, 2, 0, -3, 1, 5, 0, -2, -1, -1, -2, -4, -1, 0, -3, 2, 1, 1, 0, -1, -1, 0, 0, 2, 1, 2, 0, 1, -1, -3, 2, -1, -2, 1, 0, -4, -1, 7, -2, -3, 3, -2, -2, 4, -1, 4, 0, 3, 0, -3, 6, 0, 2, -1, 0, -4, -1, -1, 2, 0, 1, 0, 1, -1, 1, -2, 1, 2, 0, -2, 1, 0, 1, 0, -1, 1, 0, -2, 0, -1, 2, 0, 1, 0, 3, 0, 0, 1, 1, 1, 0, -1, 1, 0, 0, -2, 0, 0, 1, 0, 1, 1, 0, 0, 0, 0, 0, -1, 0, -1, -2, 0, -1, 1, 0, 1, 0, -1, -2, 3, -4, 0, 0, 6, 2, -3, -1, 1, -1, 1, 1, 1, 1, 1, 0, -2, 0, 0, -1, -2, 0, 2, 1]",8,"[-6, -5, -16, -3, -9]"
Layer_2,0.09613680839538574,"(7, 5, 3, 3)",4,"[3, 0, -1, 3, -1, -1, 4, -1, -1, 1, 0, 0, 1, 0, -1, 0, 0, 0, -2, 1, -1, -1, 0, -1, 0, 0, -2, -1, 3, -2, -2, 2, -2, -1, 1, -1, 0, -2, -1, -1, -1, -1, 0, -1, -2, 2, 1, 0, 0, -1, 0, 1, 1, 1, 2, -1, 0, 2, -2, 0, 7, -1, -2, 0, 1, 3, -1, -1, 2, -1, -1, 6, -1, 2, 1, 0, 1, 0, 1, 1, 0, 0, -1, -1, 0, 0, 0, 0, 0, 0, -2, 0, -1, 1, 0, 0, 3, 0, 2, 0, 0, 0, 2, 0, -1, -5, -2, 0, -3, -1, 0, -1, 0, 2, -1, 0, 3, -2, 1, -3, -2, 1, 1, 2, 1, 2, -1, 1, 0, 1, 0, -1, -1, 0, 0, 1, 2, 2, 0, 0, 0, -1, -1, -5, -2, -2, -2, 1, -1, -1, 3, 1, 1, -2, -2, -3, -1, -1, -1, -3, -2, -1, 3, 0, 0, 0, 0, -1, -1, 0, -1, 1, 0, 1, 0, 0, 0, -1, 0, -2, 2, 1, 0, 0, 1, -4, 1, 1, 2, 0, 0, 0, -1, -1, -1, -2, -1, 0, 2, -1, -2, 1, -1, -1, -4, 1, 1, 1, 2, -2, 0, 0, 1, 1, 0, 1, -2, 3, 0, 1, -1, 1, 0, 0, -1, 0, 1, 2, 0, 0, -1, -1, -1, -2, -2, -1, -1, -1, -1, -1, 1, 0, 0, 0, 0, 1, -1, -1, -2, -3, -3, -2, 0, 0, 1, 0, 0, -1, 0, 0, -1, 0, 0, 1, 1, 1, 0, -1, -1, -1, -1, -2, -2, 0, -2, 2, -2, 2, 6, -2, -1, 0, 0, -1, -1, 2, 1, -1, 1, 3, 4, -1, -2, 2, -1, -2, -2, 7, 1, -1, 0, 0, -1, 0, -1, -1, 1, -1, -1, 0, -1, 1, -3, 1, 4]",8,"[-34, -29, -31, -41, -31, -26, -32]"
Layer_3,0.01602552831172943,"(8, 7, 1, 1)",8,"[0, -112, 78, 57, -34, 73, -11, 25, -107, -64, -24, -48, -18, -52, -1, 40, 101, 44, 70, 70, 63, 29, 100, -12, 15, 62, 22, 100, 28, 53, -25, -127, -26, -60, -46, -42, -82, -38, 10, 2, 4, -55, 60, -3, -56, 14, -4, -5, -42, -66, -14, -9, -12, -16, -2, 45]",32,"[-22, 43, -77, -74, 13, 32, 52, 46]"
