layer_name,weight_scale,weights_shape,weight_bits,weights_flat,bias_bits,bias_flat
Layer_0,0.48853960633277893,"(4, 1, 3, 3)",4,"[-6, 6, -3, 1, 4, -6, -4, 3, -1, 3, 0, -1, 5, -4, 1, 1, 0, 0, 5, 0, 0, -2, 0, 2, 0, -1, 2, 1, 7, -2, -1, 1, -1, 3, -2, -1]",8,"[5, -5, -5, -5]"
Layer_1,0.36968794465065,"(5, 4, 3, 3)",4,"[0, 1, 0, 0, 0, 0, -1, 0, 0, 0, 0, 0, 0, 0, 0, 0, 0, 0, 0, 0, 0, 0, 0, 0, 0, 1, 1, 0, 0, 1, 0, 0, 0, 0, 0, 0, 0, 1, 0, 0, -1, 1, 1, 0, 0, 0, 0, 0, -1, 0, 0, -1, 0, 0, 0, 0, 0, 0, 0, 0, 0, 0, 0, 0, 0, 0, -1, 0, 0, 0, 0, 0, 0, 1, 3, 2, 0, 2, 0, -3, 2, -5, 3, 0, 2, 1, -1, 7, 4, 3, -3, 0, -2, -1, -3, 3, 0, -3, -1, 1, -2, 0, -2, 4, 2, -2, 1, 1, 1, 2, 0, -1, 2, 0, -2, 1, -1, 2, -1, -1, -3, 5, -2, -3, 1, 1, 2, -2, -4, 2, -1, 0, -4, 1, 1, 2, -1, 1, 2, 2, 0, 1, 1, 1, -2, 0, -3, 0, 2, -3, 1, -1, 1, 1, 0, -2, 4, -5, 0, -1, 4, 0, -2, 1, 1, 0, 3, 0, 1, -1, 0, -2, -3, 0, -1, 0, -2, 0, 2, -1]",8,"[-2, 1, -1, -2, -2]"
Layer_2,0.13793273270130157,"(7, 5, 3, 3)",4,"[1, 0, 1, 0, -1, 1, 2, -2, 1, 1, 0, 0, 1, 0, -2, -1, -1, 0, 0, 0, 0, 0, 0, -1, 0, 1, 1, 0, 1, -1, 0, 2, -1, 0, 1, -1, -2, 0, -1, -1, 1, -2, -1, 0, -2, 0, 3, 0, 0, 1, 0, 0, 1, 2, 1, -3, 1, 5, -5, 1, 7, -2, -2, 0, -3, 5, 2, -2, 6, 2, -3, 5, 0, -1, 0, 0, -1, -1, 0, -2, -1, 0, 0, -2, 0, 0, 0, 0, 1, -1, -6, -2, -2, 0, 2, 1, 5, 0, 2, 1, 1, 1, 1, -1, 0, -5, -2, 1, -1, -1, 0, -1, -1, -2, -2, 0, 0, -1, 3, -4, 0, 0, 2, 0, 1, 2, -1, 1, 0, 0, 1, 2, 0, 1, -1, -1, -1, 1, -1, 0, -1, -2, -2, -2, 0, -2, -2, -1, -2, -1, 2, 1, 1, -2, 0, -1, -3, 0, 1, -2, -2, -3, 1, -2, -1, 0, 2, 0, 1, 2, 1, 0, 0, 1, 1, 2, 2, -1, -1, -4, 1, 0, 0, 0, 0, -1, 0, 0, 1, 0, -1, 0, -1, -1, 0, -1, 0, -1, 1, 0, -1, 1, -1, 0, -1, 0, 0, 0, 0, 0, 0, 0, 1, 1, 0, 0, 0, 0, 1, 1, 0, 0, -1, 0, 0, 0, 1, 1, 0, 0, 0, 0, 0, 0, 0, -1, -1, 0, -1, 0, 0, -1, 0, 0, -1, 0, 0, 1, -1, 0, -1, -1, 0, 1, 1, 0, 0, 0, 0, 1, 0, 0, 1, 0, 0, 0, 0, 0, 0, 0, -1, -1, 0, -1, -1, 0, -2, 1, 2, -1, 0, 3, 0, 0, 0, 1, 0, -3, -1, 1, 0, -1, -1, 2, 1, 0, -1, 4, 0, 1, 0, 2, 1, 1, 1, 0, 3, -1, -1, 0, -1, 0, 0, 0, 1]",8,"[-3, -7, -20, -13, -10, -9, -1]"
Layer_3,0.00584167055785656,"(8, 7, 1, 1)",8,"[-8, -50, 90, 66, -67, 65, -32, 11, -58, -92, -37, -46, -46, -50, 9, -1, 116, 72, 30, 127, 68, 19, 48, 10, 24, 10, -50, 125, 33, 20, -57, -101, -37, -83, -14, -19, -57, -24, -19, -25, 58, 1, 24, -32, -55, -5, 21, 13, -33, -32, -35, -21, 13, -11, 19, 37]",32,"[-5, 611, -609, -713, 244, 426, 313, 158]"
